{"timestamp": 1747869029228,"timestamp_f":"Today, 04:40","players":[{"playerUUID":"e736cd1b-059e-3f6a-ae2a-f86f63603436","playerName":"whitehairguy","activityIndex":0.43685155750119176,"playtimeActive":407049,"sessionCount":2,"lastSeen":1747868845337,"registered":1747867182663,"pingAverage":0.15789473684210525,"pingMax":5,"pingMin":-1,"extensionValues":{}},{"playerUUID":"14d3f87c-5d65-399e-a6b1-2a6d857d9fec","playerName":"MiffMoff","activityIndex":0.043329024872231336,"playtimeActive":30586,"sessionCount":2,"lastSeen":1747866898274,"registered":1747866857309,"pingAverage":0.0,"pingMax":0,"pingMin":0,"extensionValues":{}}],"extensionDescriptors":[]}